scorer,,,Wim,Wim
bodyparts,,,Upper_thorax,Upper_thorax
coords,,,x,y
labeled-data,gopro_cyan_opp_11_June_session2_2_3,img001.png,737.2828155367647,376.97376455716847
labeled-data,gopro_cyan_opp_11_June_session2_2_3,img005.png,733.9995521719658,384.70376175548574
labeled-data,gopro_cyan_opp_11_June_session2_2_3,img033.png,682.9471562919838,368.58195253022825
labeled-data,gopro_cyan_opp_11_June_session2_2_3,img043.png,674.886251679355,371.26892073443787
labeled-data,gopro_cyan_opp_11_June_session2_2_3,img052.png,685.6341244961933,373.9558889386474
labeled-data,gopro_cyan_opp_11_June_session2_2_3,img061.png,704.4429019256603,360.5210479175995
labeled-data,gopro_cyan_opp_11_June_session2_2_3,img062.png,704.4429019256603,360.5210479175995
labeled-data,gopro_cyan_opp_11_June_session2_2_3,img084.png,731.3125839677563,298.72077922077904
labeled-data,gopro_cyan_opp_11_June_session2_2_3,img099.png,742.4386824868903,304.4115937381631
labeled-data,gopro_cyan_opp_11_June_session2_2_3,img101.png,750.1213613972233,306.7816838334079
labeled-data,gopro_cyan_opp_11_June_session2_2_3,img102.png,752.8083296014328,309.4686520376174
labeled-data,gopro_cyan_opp_11_June_session2_2_3,img118.png,798.4867890729957,333.65136587550376
labeled-data,gopro_cyan_opp_11_June_session2_2_3,img121.png,809.234661889834,333.65136587550364
labeled-data,gopro_cyan_opp_11_June_session2_2_3,img123.png,813.8736495885682,331.44651974644853
labeled-data,gopro_cyan_opp_11_June_session2_2_3,img124.png,813.8417454343298,329.95643363230636
labeled-data,gopro_green_opp_16_June_session1_siamang_locomotionvocal_KePoV1.pfsx.csv_5_6,img000.png,356.80229852969455,412.51295345429565
labeled-data,gopro_green_opp_16_June_session1_siamang_locomotionvocal_KePoV1.pfsx.csv_5_6,img006.png,357.8240035826242,406.1995073891625
labeled-data,gopro_green_opp_16_June_session1_siamang_locomotionvocal_KePoV1.pfsx.csv_5_6,img011.png,363.1979399910433,406.1995073891625
labeled-data,gopro_green_opp_16_June_session1_siamang_locomotionvocal_KePoV1.pfsx.csv_5_6,img031.png,342.25036421541813,411.02527393953017
labeled-data,gopro_green_opp_16_June_session1_siamang_locomotionvocal_KePoV1.pfsx.csv_5_6,img061.png,325.3845380803237,401.1039343086611
labeled-data,gopro_green_opp_16_June_session1_siamang_locomotionvocal_KePoV1.pfsx.csv_5_6,img062.png,325.71128408321295,398.9279673721277
labeled-data,gopro_green_opp_16_June_session1_siamang_locomotionvocal_KePoV1.pfsx.csv_5_6,img069.png,325.7747882242685,394.3577014555981
labeled-data,gopro_green_opp_16_June_session1_siamang_locomotionvocal_KePoV1.pfsx.csv_5_6,img085.png,324.12667209354817,386.61420056077765
labeled-data,gopro_green_opp_16_June_session1_siamang_locomotionvocal_KePoV1.pfsx.csv_5_6,img090.png,326.74796687476385,382.65213578675434
labeled-data,gopro_green_opp_16_June_session1_siamang_locomotionvocal_KePoV1.pfsx.csv_5_6,img096.png,331.0087106864442,377.63678268547994
labeled-data,gopro_green_opp_16_June_session1_siamang_locomotionvocal_KePoV1.pfsx.csv_5_6,img097.png,329.3746096545948,378.1598169500403
labeled-data,gopro_green_opp_16_June_session1_siamang_locomotionvocal_KePoV1.pfsx.csv_5_6,img101.png,329.4742896637826,373.0732017672192
labeled-data,gopro_green_opp_16_June_session1_siamang_locomotionvocal_KePoV1.pfsx.csv_5_6,img105.png,329.6120808481015,366.0903199754366
labeled-data,gopro_green_opp_16_June_session1_siamang_locomotionvocal_KePoV1.pfsx.csv_6_7,img000.png,367.5606400538221,397.82587855751353
labeled-data,gopro_green_opp_16_June_session1_siamang_locomotionvocal_KePoV1.pfsx.csv_6_7,img006.png,370.75295067467334,395.7380198981645
labeled-data,gopro_green_opp_16_June_session1_siamang_locomotionvocal_KePoV1.pfsx.csv_6_7,img011.png,374.7513317017925,395.53987654947383
labeled-data,gopro_green_opp_16_June_session1_siamang_locomotionvocal_KePoV1.pfsx.csv_6_7,img036.png,396.7941174288131,400.73786380345507
labeled-data,gopro_green_opp_16_June_session1_siamang_locomotionvocal_KePoV1.pfsx.csv_6_7,img038.png,400.62986581804614,402.8667683521752
labeled-data,gopro_green_opp_16_June_session1_siamang_locomotionvocal_KePoV1.pfsx.csv_6_7,img039.png,402.30552079913514,403.26506054903746
labeled-data,gopro_green_opp_16_June_session1_siamang_locomotionvocal_KePoV1.pfsx.csv_6_7,img040.png,401.74561542662286,406.1326574064733
labeled-data,gopro_green_opp_16_June_session1_siamang_locomotionvocal_KePoV1.pfsx.csv_6_7,img047.png,406.61177942152955,412.78677098339045
labeled-data,gopro_green_opp_16_June_session1_siamang_locomotionvocal_KePoV1.pfsx.csv_6_7,img054.png,410.60089504104803,427.54457316185767
labeled-data,gopro_green_opp_16_June_session1_siamang_locomotionvocal_KePoV1.pfsx.csv_6_7,img072.png,396.47548701382254,421.13058472276
labeled-data,gopro_green_opp_16_June_session1_siamang_locomotionvocal_KePoV1.pfsx.csv_6_7,img094.png,333.9791061047604,369.0668823046557
labeled-data,gopro_green_opp_16_June_session1_siamang_locomotionvocal_KePoV1.pfsx.csv_6_7,img098.png,323.30443401896673,363.9985840170915
labeled-data,gopro_green_opp_16_June_session1_siamang_locomotionvocal_KePoV1.pfsx.csv_6_7,img121.png,301.85414303101953,355.4659859266078
labeled-data,gopro_green_opp_16_June_session1_siamang_locomotionvocal_KePoV1.pfsx.csv_6_7,img125.png,306.59082195195657,360.172492107858
labeled-data,gopro_green_opp_16_June_session1_siamang_locomotionvocal_KePoV1.pfsx.csv_6_7,img137.png,339.00675626035036,383.90062606345776
labeled-data,gopro_orange_opp_18_June_session1_siamang_locomotionvocal_KePoV1.pfsx.csv_4_5,img021.png,742.2857144862639,324.60134891900566
labeled-data,gopro_orange_opp_18_June_session1_siamang_locomotionvocal_KePoV1.pfsx.csv_4_5,img044.png,737.2439790393214,328.4402760249154
labeled-data,gopro_orange_opp_18_June_session1_siamang_locomotionvocal_KePoV1.pfsx.csv_4_5,img047.png,734.44132025507,329.9480105344876
labeled-data,gopro_orange_opp_18_June_session1_siamang_locomotionvocal_KePoV1.pfsx.csv_4_5,img060.png,723.9783687494514,334.14284694823465
labeled-data,gopro_orange_opp_18_June_session1_siamang_locomotionvocal_KePoV1.pfsx.csv_4_5,img075.png,729.3503030008887,315.5308758678045
labeled-data,gopro_orange_opp_18_June_session1_siamang_locomotionvocal_KePoV1.pfsx.csv_4_5,img097.png,729.4766026731835,305.16284465260617
labeled-data,gopro_orange_opp_18_June_session1_siamang_locomotionvocal_KePoV1.pfsx.csv_4_5,img105.png,726.0115474654596,304.2619742858866
labeled-data,gopro_orange_opp_18_June_session1_siamang_locomotionvocal_KePoV1.pfsx.csv_4_5,img106.png,725.6380465846776,307.03932366669187
labeled-data,gopro_orange_opp_18_June_session1_siamang_locomotionvocal_KePoV1.pfsx.csv_4_5,img109.png,728.2018136132901,308.6941281381804
labeled-data,gopro_orange_opp_18_June_session1_siamang_locomotionvocal_KePoV1.pfsx.csv_4_5,img127.png,727.8758096452088,307.94166473303085
labeled-data,snip_gopro_blue_opp_16_june_session1_sample_2_1_lift_scream,img004.png,58.808857609456425,127.15098374679212
labeled-data,snip_gopro_blue_opp_16_june_session1_sample_2_1_lift_scream,img006.png,60.496954769368585,122.3497785739165
labeled-data,snip_gopro_blue_opp_16_june_session1_sample_2_1_lift_scream,img015.png,60.23976203437283,119.99646162221012
labeled-data,snip_gopro_blue_opp_16_june_session1_sample_2_1_lift_scream,img033.png,60.59748814060191,119.99646162221012
labeled-data,snip_gopro_blue_opp_16_june_session1_sample_2_1_lift_scream,img037.png,65.24792752158024,118.92328330352282
labeled-data,snip_gopro_blue_opp_16_june_session1_sample_2_1_lift_scream,img040.png,67.36365129123752,115.94086182017215
labeled-data,snip_gopro_blue_opp_16_june_session1_sample_2_1_lift_scream,img047.png,70.97154522124583,111.41103507271171
labeled-data,snip_gopro_blue_opp_16_june_session1_sample_2_1_lift_scream,img055.png,83.13423283303524,96.3865386110895
labeled-data,snip_gopro_blue_opp_16_june_session1_sample_2_1_lift_scream,img056.png,85.99604168286805,92.8092775487985
labeled-data,snip_gopro_blue_opp_16_june_session1_sample_2_1_lift_scream,img057.png,82.47038363934917,90.30519480519479
labeled-data,snip_gopro_blue_opp_16_june_session1_sample_2_1_lift_scream,img066.png,72.76017575239132,76.711602768489
labeled-data,snip_gopro_blue_opp_16_june_session1_sample_2_1_lift_scream,img071.png,70.25609300878762,71.7034372812816
labeled-data,snip_gopro_blue_opp_16_june_session1_sample_2_1_lift_scream,img073.png,71.94144897248347,69.24732547146337
labeled-data,snip_gopro_blue_opp_16_june_session1_sample_2_1_lift_scream,img076.png,68.46746247764213,65.26436736915778
labeled-data,snip_gopro_blue_opp_16_june_session1_sample_2_1_lift_scream,img083.png,69.18291469010032,59.898475775721295
labeled-data,snip_gopro_blue_opp_16_june_session1_sample_2_1_lift_scream,img087.png,71.94144897248347,57.802831268348484
labeled-data,snip_gopro_blue_opp_16_june_session1_sample_2_1_lift_scream,img088.png,71.68699743370402,55.60576250097208
labeled-data,snip_gopro_blue_opp_16_june_session1_sample_2_1_lift_scream,img093.png,69.1947703637359,53.22503358710253
labeled-data,snip_gopro_blue_opp_16_june_session1_sample_2_1_lift_scream,img097.png,69.6525501318605,50.02057521023036
labeled-data,snip_gopro_blue_opp_16_june_session1_sample_2_1_lift_scream,img098.png,68.82518858387124,49.88214480130648
labeled-data,snip_gopro_blue_opp_16_june_session1_sample_2_1_lift_scream,img103.png,65.99031198686373,48.647235905856576
labeled-data,snip_gopro_blue_opp_16_june_session1_sample_2_1_lift_scream,img108.png,61.67066645928924,48.451240376390075
labeled-data,snip_gopro_blue_opp_16_june_session1_sample_2_1_lift_scream,img111.png,64.15919291436535,51.39391451460415
labeled-data,snip_gopro_blue_opp_16_june_session1_sample_2_1_lift_scream,img118.png,60.95473453749318,51.851694282728744
labeled-data,snip_gopro_blue_opp_16_june_session1_sample_2_1_lift_scream,img121.png,56.37693685624723,49.10501567398117
labeled-data,snip_gopro_blue_opp_16_june_session1_sample_2_1_lift_scream,img123.png,57.37795318454002,48.808966482619184
labeled-data,snip_gopro_blue_opp_16_june_session1_sample_2_1_lift_scream,img128.png,58.20805592874561,50.02057521023036
labeled-data,snip_gopro_blue_opp_16_june_session1_sample_2_5_lift_scream,img004.png,144.9972820592581,139.22657282836929
labeled-data,snip_gopro_blue_opp_16_june_session1_sample_2_5_lift_scream,img009.png,147.49358814837854,135.89816470954202
labeled-data,snip_gopro_blue_opp_16_june_session1_sample_2_5_lift_scream,img012.png,148.34585510275167,139.7175449072001
labeled-data,snip_gopro_blue_opp_16_june_session1_sample_2_5_lift_scream,img024.png,143.74912901469787,134.23396065012835
labeled-data,snip_gopro_blue_opp_16_june_session1_sample_2_5_lift_scream,img034.png,127.52313943541488,139.64262384322268
labeled-data,snip_gopro_blue_opp_16_june_session1_sample_2_5_lift_scream,img038.png,118.78606812349325,136.3142157243954
labeled-data,snip_gopro_blue_opp_16_june_session1_sample_2_5_lift_scream,img048.png,103.6227621037966,129.6016072050555
labeled-data,snip_gopro_blue_opp_16_june_session1_sample_2_5_lift_scream,img049.png,102.02550878240534,130.1340249788526
labeled-data,snip_gopro_blue_opp_16_june_session1_sample_2_5_lift_scream,img050.png,101.31192549965003,126.74504238276697
labeled-data,snip_gopro_blue_opp_16_june_session1_sample_2_5_lift_scream,img054.png,97.15141535111592,117.17586904113854
labeled-data,snip_gopro_blue_opp_16_june_session1_sample_2_5_lift_scream,img061.png,86.75013997978068,103.86223656582942
labeled-data,snip_gopro_blue_opp_16_june_session1_sample_2_5_lift_scream,img077.png,74.87220231875405,96.05928745583921
labeled-data,snip_gopro_blue_opp_16_june_session1_sample_2_5_lift_scream,img078.png,77.18096663815224,92.62885916478734
labeled-data,snip_gopro_blue_opp_16_june_session1_sample_2_5_lift_scream,img086.png,71.77230344505791,84.30783886771914
labeled-data,snip_gopro_blue_opp_16_june_session1_sample_2_5_lift_scream,img088.png,72.7425312235657,83.81367865850626
labeled-data,snip_gopro_blue_opp_16_june_session1_sample_2_5_lift_scream,img090.png,70.61286012837739,81.68400756331792
labeled-data,snip_gopro_blue_opp_16_june_session1_sample_2_5_lift_scream,img092.png,74.87220231875405,82.7488431109121
labeled-data,snip_gopro_blue_opp_16_june_session1_sample_2_5_lift_scream,img093.png,74.68466054903179,78.48312465977142
labeled-data,snip_gopro_blue_opp_16_june_session1_sample_2_5_lift_scream,img094.png,73.27494899736281,79.0219186943325
labeled-data,snip_gopro_blue_opp_16_june_session1_sample_2_5_lift_scream,img107.png,70.10809938564428,72.65841045182367
labeled-data,snip_gopro_blue_opp_16_june_session1_sample_2_5_lift_scream,img112.png,70.08044235458028,74.76257650395584
labeled-data,snip_gopro_blue_opp_16_june_session1_sample_2_5_lift_scream,img118.png,69.5480245807832,74.76257650395584
labeled-data,snip_gopro_blue_opp_16_june_session1_sample_2_5_lift_scream,img122.png,68.48318903318905,74.76257650395584
labeled-data,snip_gopro_blue_opp_16_june_session1_sample_2_5_lift_scream,img123.png,66.3535179380007,74.23015873015873
labeled-data,snip_gopro_blue_opp_16_june_session1_sample_2_5_lift_scream,img127.png,66.77969126681698,78.067073644918
labeled-data,snip_gopro_blue_opp_16_june_session1_sample_2_5_lift_scream,img132.png,71.35625243020449,75.57076755579754
labeled-data,snip_gopro_blue_opp_16_june_session1_sample_2_5_lift_scream,img134.png,66.3535179380007,74.23015873015873
labeled-data,snip_gopro_blue_opp_16_june_session1_sample_2_5_lift_scream,img142.png,71.77230344505791,75.57076755579754
labeled-data,snip_gopro_blue_opp_18_June_session1_siamang_locomotionvocal_KePoV1.pfsx.csv_2_3,img006.png,122.48157934020003,84.34609643230334
labeled-data,snip_gopro_blue_opp_18_June_session1_siamang_locomotionvocal_KePoV1.pfsx.csv_2_3,img008.png,122.48157934020003,84.34609643230334
labeled-data,snip_gopro_blue_opp_18_June_session1_siamang_locomotionvocal_KePoV1.pfsx.csv_2_3,img017.png,122.48157934020003,84.34609643230334
labeled-data,snip_gopro_blue_opp_18_June_session1_siamang_locomotionvocal_KePoV1.pfsx.csv_2_3,img034.png,126.74092153057666,77.42466537294126
labeled-data,snip_gopro_blue_opp_18_June_session1_siamang_locomotionvocal_KePoV1.pfsx.csv_2_3,img037.png,128.33817485196795,79.55433646812958
labeled-data,snip_gopro_blue_opp_18_June_session1_siamang_locomotionvocal_KePoV1.pfsx.csv_2_3,img039.png,126.74092153057666,77.95708314673831
labeled-data,snip_gopro_blue_opp_18_June_session1_siamang_locomotionvocal_KePoV1.pfsx.csv_2_3,img048.png,123.0139971139971,78.48950092053542
labeled-data,snip_gopro_blue_opp_18_June_session1_siamang_locomotionvocal_KePoV1.pfsx.csv_2_3,img057.png,112.8980594118525,84.34609643230334
labeled-data,snip_gopro_blue_opp_18_June_session1_siamang_locomotionvocal_KePoV1.pfsx.csv_2_3,img078.png,101.71728616211371,78.48950092053542
labeled-data,snip_gopro_blue_opp_18_June_session1_siamang_locomotionvocal_KePoV1.pfsx.csv_2_3,img085.png,102.24970393591082,78.48950092053542
labeled-data,snip_gopro_blue_opp_18_June_session1_siamang_locomotionvocal_KePoV1.pfsx.csv_2_3,img111.png,132.0650992685475,73.69774095636166
labeled-data,snip_gopro_blue_opp_18_June_session1_siamang_locomotionvocal_KePoV1.pfsx.csv_2_3,img112.png,134.19477036373587,73.69774095636166
labeled-data,snip_gopro_blue_opp_18_June_session1_siamang_locomotionvocal_KePoV1.pfsx.csv_2_3,img115.png,135.25960591133003,73.16532318256458
labeled-data,snip_gopro_blue_opp_18_June_session1_siamang_locomotionvocal_KePoV1.pfsx.csv_2_3,img116.png,135.25960591133003,73.16532318256458
labeled-data,snip_gopro_blue_opp_18_June_session1_siamang_locomotionvocal_KePoV1.pfsx.csv_2_3,img122.png,135.25960591133003,73.16532318256458
labeled-data,snip_gopro_blue_opp_18_june_session1_sample_1_12_swing_scream,img003.png,77.76215879928453,48.5599580060658
labeled-data,snip_gopro_blue_opp_18_june_session1_sample_1_12_swing_scream,img013.png,82.50591803406174,47.3740181973715
labeled-data,snip_gopro_blue_opp_18_june_session1_sample_1_12_swing_scream,img019.png,86.58686868686868,48.477260287605105
labeled-data,snip_gopro_blue_opp_18_june_session1_sample_1_12_swing_scream,img027.png,89.3843689244887,52.1177774321487
labeled-data,snip_gopro_blue_opp_18_june_session1_sample_1_12_swing_scream,img030.png,91.74684281236006,57.88662486938348
labeled-data,snip_gopro_blue_opp_18_june_session1_sample_1_12_swing_scream,img034.png,92.70500038883272,57.57310055214248
labeled-data,snip_gopro_blue_opp_18_june_session1_sample_1_12_swing_scream,img048.png,90.09593280970527,58.047476475620186
labeled-data,snip_gopro_blue_opp_18_june_session1_sample_1_12_swing_scream,img055.png,89.8587448479664,54.01528112605958
labeled-data,snip_gopro_blue_opp_18_june_session1_sample_1_12_swing_scream,img057.png,87.80098024580784,53.333706523361684
labeled-data,snip_gopro_blue_opp_18_june_session1_sample_1_12_swing_scream,img059.png,89.01509180474699,52.72665074389211
labeled-data,snip_gopro_blue_opp_18_june_session1_sample_1_12_swing_scream,img068.png,86.30092542188352,49.98308577649895
labeled-data,snip_gopro_blue_opp_18_june_session1_sample_1_12_swing_scream,img070.png,87.19392446633827,50.601955515748614
labeled-data,snip_gopro_blue_opp_18_june_session1_sample_1_12_swing_scream,img072.png,86.06373746014465,49.03433392954351
labeled-data,snip_gopro_blue_opp_18_june_session1_sample_1_12_swing_scream,img082.png,84.15864556899041,46.65609294919639
labeled-data,snip_gopro_blue_opp_18_june_session1_sample_1_12_swing_scream,img084.png,88.43561707753325,47.13683023563263
labeled-data,snip_gopro_blue_opp_18_june_session1_sample_1_12_swing_scream,img087.png,85.37275712792953,43.01375827237895
labeled-data,snip_gopro_blue_opp_18_june_session1_sample_1_12_swing_scream,img088.png,88.43561707753325,47.13683023563263
labeled-data,snip_gopro_blue_opp_18_june_session1_sample_1_12_swing_scream,img093.png,85.67628501766433,43.01375827237895
labeled-data,snip_gopro_blue_opp_18_june_session1_sample_1_12_swing_scream,img094.png,88.43561707753325,47.13683023563263
labeled-data,snip_gopro_blue_opp_18_june_session1_sample_1_12_swing_scream,img097.png,87.4868652305778,49.7458978147601
labeled-data,snip_gopro_blue_opp_18_june_session1_sample_1_12_swing_scream,img100.png,86.28334079713392,50.905483405483395
labeled-data,snip_gopro_blue_opp_18_june_session1_sample_1_12_swing_scream,img106.png,82.94453401005126,52.72665074389211
labeled-data,snip_gopro_blue_opp_18_june_session1_sample_1_12_swing_scream,img108.png,79.6057272229686,57.58309697964869
labeled-data,snip_gopro_blue_opp_18_june_session1_sample_1_12_swing_scream,img109.png,79.18528656971772,54.4896570495373
labeled-data,snip_gopro_blue_opp_18_june_session1_sample_1_12_swing_scream,img110.png,79.30219933323383,57.279569089913906
labeled-data,snip_gopro_blue_opp_18_june_session1_sample_1_12_swing_scream,img112.png,77.05059491406796,55.20122093475388
labeled-data,snip_gopro_blue_opp_18_june_session1_sample_1_12_swing_scream,img115.png,74.44575309747725,55.76192964123997
labeled-data,snip_gopro_blue_opp_18_june_session1_sample_1_12_swing_scream,img119.png,71.35808383233534,53.77809316432071
labeled-data,snip_gopro_blue_opp_18_june_session1_sample_1_14_brachiate_scream,img010.png,87.7971809627498,151.98977369935454
labeled-data,snip_gopro_blue_opp_18_june_session1_sample_1_14_brachiate_scream,img032.png,89.23197371490782,147.20713119216114
labeled-data,snip_gopro_blue_opp_18_june_session1_sample_1_14_brachiate_scream,img035.png,91.14503071778519,146.25060269072245
labeled-data,snip_gopro_blue_opp_18_june_session1_sample_1_14_brachiate_scream,img047.png,96.40593747569794,137.163581927055
labeled-data,snip_gopro_blue_opp_18_june_session1_sample_1_14_brachiate_scream,img053.png,100.23205148145264,133.33746792130026
labeled-data,snip_gopro_blue_opp_18_june_session1_sample_1_14_brachiate_scream,img056.png,102.62337273504936,134.77226067345828
labeled-data,snip_gopro_blue_opp_18_june_session1_sample_1_14_brachiate_scream,img070.png,110.75386499727814,156.2941519558286
labeled-data,snip_gopro_blue_opp_18_june_session1_sample_1_14_brachiate_scream,img072.png,112.18865774943619,161.076794463022
labeled-data,snip_gopro_blue_opp_18_june_session1_sample_1_14_brachiate_scream,img075.png,114.10171475231355,165.85943697021543
labeled-data,snip_gopro_blue_opp_18_june_session1_sample_1_14_brachiate_scream,img080.png,116.01477175519089,172.5551364802862
labeled-data,snip_gopro_blue_opp_18_june_session1_sample_1_14_brachiate_scream,img085.png,113.6234505015942,181.1638929932343
labeled-data,snip_gopro_blue_opp_18_june_session1_sample_1_14_brachiate_scream,img091.png,116.01477175519089,176.85951473676022
labeled-data,snip_gopro_blue_opp_18_june_session1_sample_1_14_brachiate_scream,img097.png,119.84088576094562,174.46819348316353
labeled-data,snip_gopro_blue_opp_18_june_session1_sample_1_14_brachiate_scream,img105.png,119.36262151022628,172.5551364802862
labeled-data,snip_gopro_blue_opp_18_june_session1_sample_1_14_brachiate_scream,img114.png,115.05824325375222,172.5551364802862
labeled-data,snip_gopro_blue_opp_18_june_session1_sample_1_2_swing_scream,img003.png,95.69076133447393,72.17750213857997
labeled-data,snip_gopro_blue_opp_18_june_session1_sample_1_2_swing_scream,img012.png,95.9633278598796,71.57443897099067
labeled-data,snip_gopro_blue_opp_18_june_session1_sample_1_2_swing_scream,img016.png,95.9633278598796,71.30076628352488
labeled-data,snip_gopro_blue_opp_18_june_session1_sample_1_2_swing_scream,img019.png,96.51067323481118,71.30076628352488
labeled-data,snip_gopro_blue_opp_18_june_session1_sample_1_2_swing_scream,img025.png,96.78434592227697,67.4693486590038
labeled-data,snip_gopro_blue_opp_18_june_session1_sample_1_2_swing_scream,img028.png,98.7000547345375,68.29036672140117
labeled-data,snip_gopro_blue_opp_18_june_session1_sample_1_2_swing_scream,img029.png,98.25705731394359,67.47262617621898
labeled-data,snip_gopro_blue_opp_18_june_session1_sample_1_2_swing_scream,img031.png,101.16310892172962,66.64833059660643
labeled-data,snip_gopro_blue_opp_18_june_session1_sample_1_2_swing_scream,img034.png,100.60949529512408,64.69247219846021
labeled-data,snip_gopro_blue_opp_18_june_session1_sample_1_2_swing_scream,img041.png,101.16310892172962,64.4589490968801
labeled-data,snip_gopro_blue_opp_18_june_session1_sample_1_2_swing_scream,img045.png,98.4709153122327,64.69247219846021
labeled-data,snip_gopro_blue_opp_18_june_session1_sample_1_2_swing_scream,img050.png,92.91060735671516,67.47262617621898
labeled-data,snip_gopro_blue_opp_18_june_session1_sample_1_2_swing_scream,img053.png,90.13045337895642,70.03892215568861
labeled-data,snip_gopro_blue_opp_18_june_session1_sample_1_2_swing_scream,img057.png,86.70872540633022,71.96364414029082
labeled-data,snip_gopro_blue_opp_18_june_session1_sample_1_2_swing_scream,img060.png,81.18500273672689,72.39545703338804
labeled-data,snip_gopro_blue_opp_18_june_session1_sample_1_2_swing_scream,img062.png,80.72070145423442,67.04491017964071
labeled-data,snip_gopro_blue_opp_18_june_session1_sample_1_2_swing_scream,img066.png,77.7266894781865,66.61719418306242
labeled-data,snip_gopro_blue_opp_18_june_session1_sample_1_2_swing_scream,img070.png,73.79584017515052,68.56403940886696
labeled-data,snip_gopro_blue_opp_18_june_session1_sample_1_2_swing_scream,img072.png,75.1642036124795,65.27996715927748
labeled-data,snip_gopro_blue_opp_18_june_session1_sample_1_2_swing_scream,img073.png,75.43787629994529,65.27996715927748
labeled-data,snip_gopro_blue_opp_18_june_session1_sample_1_2_swing_scream,img078.png,73.87724550898207,65.54790419161675
labeled-data,snip_gopro_blue_opp_18_june_session1_sample_1_2_swing_scream,img084.png,75.43787629994529,65.27996715927748
labeled-data,snip_gopro_blue_opp_18_june_session1_sample_1_2_swing_scream,img087.png,76.65739948674084,66.4033361847733
labeled-data,snip_gopro_blue_opp_18_june_session1_sample_1_2_swing_scream,img088.png,79.54296661193214,66.64833059660643
labeled-data,snip_gopro_blue_opp_18_june_session1_sample_1_2_swing_scream,img091.png,80.29298545765616,67.04491017964071
labeled-data,snip_gopro_blue_opp_18_june_session1_sample_1_2_swing_scream,img093.png,83.92857142857147,67.47262617621898
labeled-data,snip_gopro_blue_opp_18_june_session1_sample_1_2_swing_scream,img097.png,90.34431137724553,67.25876817792985
labeled-data,snip_gopro_blue_opp_18_june_session1_sample_1_2_swing_scream,img102.png,97.33169129720855,63.09058565955115
labeled-data,snip_gopro_blue_opp_18_june_session1_sample_1_2_swing_scream,img119.png,107.66680923866556,58.06287425149699
labeled-data,snip_gopro_blue_opp_18_june_session1_sample_1_2_swing_scream,img122.png,108.27859879584017,58.4381499726327
labeled-data,snip_gopro_green_opp_16_june_session1_sample_2_1_lift_scream,img008.png,60.21747414262384,123.99428415895486
labeled-data,snip_gopro_green_opp_16_june_session1_sample_2_1_lift_scream,img013.png,58.094447468698974,122.93277082199242
labeled-data,snip_gopro_green_opp_16_june_session1_sample_2_1_lift_scream,img025.png,57.74060968971148,121.87125748502999
labeled-data,snip_gopro_green_opp_16_june_session1_sample_2_1_lift_scream,img032.png,61.27898747958628,124.34812193794234
labeled-data,snip_gopro_green_opp_16_june_session1_sample_2_1_lift_scream,img044.png,66.23271638541101,116.91752857920527
labeled-data,snip_gopro_green_opp_16_june_session1_sample_2_1_lift_scream,img050.png,65.87887860642351,110.90228633641811
labeled-data,snip_gopro_green_opp_16_june_session1_sample_2_1_lift_scream,img059.png,65.87887860642351,94.27191072400657
labeled-data,snip_gopro_green_opp_16_june_session1_sample_2_1_lift_scream,img065.png,61.27898747958628,85.77980402830707
labeled-data,snip_gopro_green_opp_16_june_session1_sample_2_1_lift_scream,img076.png,53.84839412084921,77.64153511159503
labeled-data,snip_gopro_green_opp_16_june_session1_sample_2_1_lift_scream,img081.png,51.01769188894937,75.87234621665763
labeled-data,snip_gopro_green_opp_16_june_session1_sample_2_1_lift_scream,img096.png,50.6638541099619,68.44175285792056
labeled-data,snip_gopro_green_opp_16_june_session1_sample_2_1_lift_scream,img100.png,50.310016330974406,68.44175285792056
labeled-data,snip_gopro_green_opp_16_june_session1_sample_2_1_lift_scream,img109.png,52.433043004899304,69.503266194883
labeled-data,snip_gopro_green_opp_16_june_session1_sample_2_1_lift_scream,img114.png,50.6638541099619,69.503266194883
labeled-data,snip_gopro_green_opp_16_june_session1_sample_2_1_lift_scream,img135.png,48.8946652150245,70.21094175285793
labeled-data,snip_gopro_green_opp_18_june_session1_sample_1_6_swing_scream,img007.png,53.25974025974027,40.5290069212225
labeled-data,snip_gopro_green_opp_18_june_session1_sample_1_6_swing_scream,img012.png,55.3301985370951,38.96539284470316
labeled-data,snip_gopro_green_opp_18_june_session1_sample_1_6_swing_scream,img023.png,57.22102801413149,38.58722694929588
labeled-data,snip_gopro_green_opp_18_june_session1_sample_1_6_swing_scream,img028.png,59.86818928198241,39.72172463551772
labeled-data,snip_gopro_green_opp_18_june_session1_sample_1_6_swing_scream,img029.png,59.86818928198241,39.72172463551772
labeled-data,snip_gopro_green_opp_18_june_session1_sample_1_6_swing_scream,img031.png,59.86818928198241,39.72172463551772
labeled-data,snip_gopro_green_opp_18_june_session1_sample_1_6_swing_scream,img032.png,59.86818928198241,39.72172463551772
labeled-data,snip_gopro_green_opp_18_june_session1_sample_1_6_swing_scream,img034.png,57.987946185550996,41.12003266194884
labeled-data,snip_gopro_green_opp_18_june_session1_sample_1_6_swing_scream,img040.png,58.28345905591415,40.82451979158566
labeled-data,snip_gopro_green_opp_18_june_session1_sample_1_6_swing_scream,img049.png,51.78217590792441,48.507854421028085
labeled-data,snip_gopro_green_opp_18_june_session1_sample_1_6_swing_scream,img055.png,49.279544210578706,65.81517141861968
labeled-data,snip_gopro_green_opp_18_june_session1_sample_1_6_swing_scream,img056.png,48.23602146356639,64.17003655027608
labeled-data,snip_gopro_green_opp_18_june_session1_sample_1_6_swing_scream,img060.png,48.827047204292725,73.92196127226069
labeled-data,snip_gopro_green_opp_18_june_session1_sample_1_6_swing_scream,img065.png,48.53153433392954,90.17516914223502
labeled-data,snip_gopro_green_opp_18_june_session1_sample_1_6_swing_scream,img073.png,51.78217590792441,91.65273349405086
labeled-data,snip_gopro_green_opp_18_june_session1_sample_1_6_swing_scream,img077.png,52.37320164865075,88.10657904969284
labeled-data,snip_gopro_green_opp_18_june_session1_sample_1_6_swing_scream,img084.png,58.28345905591415,78.94568006843457
labeled-data,snip_gopro_green_opp_18_june_session1_sample_1_6_swing_scream,img094.png,61.002686968204216,66.19333731402695
labeled-data,snip_gopro_green_opp_18_june_session1_sample_1_6_swing_scream,img098.png,64.78474220390389,62.987985068823406
labeled-data,snip_gopro_green_opp_18_june_session1_sample_1_6_swing_scream,img101.png,65.9188436084988,62.03351246454693
labeled-data,snip_gopro_green_opp_18_june_session1_sample_1_6_swing_scream,img102.png,64.78474220390389,63.87452367991291
labeled-data,snip_gopro_green_opp_18_june_session1_sample_1_6_swing_scream,img104.png,66.29700950390608,60.52084888291783
labeled-data,snip_gopro_green_opp_18_june_session1_sample_1_6_swing_scream,img107.png,67.44435803717242,62.987985068823406
labeled-data,snip_gopro_green_opp_18_june_session1_sample_1_6_swing_scream,img116.png,68.18783898094244,60.89901477832511
labeled-data,snip_gopro_green_opp_18_june_session1_sample_1_6_swing_scream,img119.png,63.271682340647885,65.05883962780513
labeled-data,snip_gopro_green_opp_18_june_session1_sample_1_6_swing_scream,img126.png,63.30717785208803,67.12516525390778
labeled-data,snip_gopro_green_opp_18_june_session1_sample_1_6_swing_scream,img127.png,66.29700950390608,64.68067373239785
labeled-data,snip_gopro_green_opp_18_june_session1_sample_1_6_swing_scream,img134.png,63.89820359281437,66.82965238354461
labeled-data,snip_gopro_orange_opp_16_June_session1_siamang_locomotionvocal_KePoV1.pfsx.csv_4_5,img014.png,92.30438871473359,54.38401253918488
labeled-data,snip_gopro_orange_opp_16_June_session1_siamang_locomotionvocal_KePoV1.pfsx.csv_4_5,img019.png,94.18526645768031,53.44357366771152
labeled-data,snip_gopro_orange_opp_16_June_session1_siamang_locomotionvocal_KePoV1.pfsx.csv_4_5,img025.png,94.18526645768031,53.44357366771152
labeled-data,snip_gopro_orange_opp_16_June_session1_siamang_locomotionvocal_KePoV1.pfsx.csv_4_5,img055.png,94.18526645768031,59.08620689655163
labeled-data,snip_gopro_orange_opp_16_June_session1_siamang_locomotionvocal_KePoV1.pfsx.csv_4_5,img081.png,85.72131661442012,126.79780564263314
labeled-data,snip_gopro_orange_opp_16_June_session1_siamang_locomotionvocal_KePoV1.pfsx.csv_4_5,img087.png,79.13824451410665,153.13009404388708
labeled-data,snip_gopro_orange_opp_16_June_session1_siamang_locomotionvocal_KePoV1.pfsx.csv_4_5,img093.png,78.19780564263328,160.65360501567392
labeled-data,snip_gopro_orange_opp_16_June_session1_siamang_locomotionvocal_KePoV1.pfsx.csv_4_5,img094.png,74.4360501567399,156.89184952978047
labeled-data,snip_gopro_orange_opp_16_June_session1_siamang_locomotionvocal_KePoV1.pfsx.csv_4_5,img106.png,65.03166144200634,145.60658307210025
labeled-data,snip_gopro_orange_opp_16_June_session1_siamang_locomotionvocal_KePoV1.pfsx.csv_4_5,img124.png,58.448589341692866,135.26175548589333
labeled-data,snip_gopro_orange_opp_16_June_session1_siamang_locomotionvocal_KePoV1.pfsx.csv_4_5,img127.png,61.26990595611295,133.3808777429466
labeled-data,snip_gopro_orange_opp_16_June_session1_siamang_locomotionvocal_KePoV1.pfsx.csv_4_5,img129.png,61.26990595611295,139.02351097178678
labeled-data,snip_gopro_orange_opp_16_June_session1_siamang_locomotionvocal_KePoV1.pfsx.csv_4_5,img140.png,60.32946708463959,144.6661442006269
labeled-data,snip_gopro_orange_opp_16_June_session1_siamang_locomotionvocal_KePoV1.pfsx.csv_4_5,img154.png,70.67429467084645,149.36833855799364
labeled-data,snip_gopro_orange_opp_16_June_session1_siamang_locomotionvocal_KePoV1.pfsx.csv_4_5,img157.png,73.49561128526653,149.36833855799364
labeled-data,snip_gopro_orange_opp_16_june_session1_sample_2_0_swing_scream,img005.png,79.74281437125748,66.14126292868806
labeled-data,snip_gopro_orange_opp_16_june_session1_sample_2_0_swing_scream,img024.png,82.7368263473054,66.14126292868806
labeled-data,snip_gopro_orange_opp_16_june_session1_sample_2_0_swing_scream,img031.png,83.55337506804571,67.77436037016874
labeled-data,snip_gopro_orange_opp_16_june_session1_sample_2_0_swing_scream,img038.png,82.46464344039194,65.86908002177462
labeled-data,snip_gopro_orange_opp_16_june_session1_sample_2_0_swing_scream,img044.png,71.03296135002722,62.87506804572672
labeled-data,snip_gopro_orange_opp_16_june_session1_sample_2_0_swing_scream,img050.png,61.23437670114316,56.61486118671746
labeled-data,snip_gopro_orange_opp_16_june_session1_sample_2_0_swing_scream,img055.png,52.79670658682633,48.44937397931409
labeled-data,snip_gopro_orange_opp_16_june_session1_sample_2_0_swing_scream,img057.png,51.4357920522591,43.8222645617855
labeled-data,snip_gopro_orange_opp_16_june_session1_sample_2_0_swing_scream,img079.png,66.40585193249862,43.277898747958616
labeled-data,snip_gopro_orange_opp_16_june_session1_sample_2_0_swing_scream,img087.png,78.92626565051714,58.52014153511158
labeled-data,snip_gopro_orange_opp_16_june_session1_sample_2_0_swing_scream,img100.png,87.63611867174743,65.86908002177462
labeled-data,snip_gopro_orange_opp_16_june_session1_sample_2_0_swing_scream,img104.png,88.45266739248774,65.32471420794772
labeled-data,snip_gopro_orange_opp_16_june_session1_sample_2_0_swing_scream,img107.png,84.91428960261297,65.05253130103428
labeled-data,snip_gopro_orange_opp_16_june_session1_sample_2_0_swing_scream,img112.png,85.45865541643985,64.78034839412084
labeled-data,snip_gopro_orange_opp_16_june_session1_sample_2_0_swing_scream,img125.png,79.1984485574306,61.241970604246035
labeled-data,snip_gopro_orange_opp_18_June_session1_siamang_locomotionvocal_KePoV1.pfsx.csv_1_2,img002.png,57.61036721898793,50.75660546350201
labeled-data,snip_gopro_orange_opp_18_June_session1_siamang_locomotionvocal_KePoV1.pfsx.csv_1_2,img011.png,57.61036721898793,50.75660546350201
labeled-data,snip_gopro_orange_opp_18_June_session1_siamang_locomotionvocal_KePoV1.pfsx.csv_1_2,img015.png,59.87936259143157,50.189356620391095
labeled-data,snip_gopro_orange_opp_18_June_session1_siamang_locomotionvocal_KePoV1.pfsx.csv_1_2,img022.png,58.17761606209885,50.189356620391095
labeled-data,snip_gopro_orange_opp_18_June_session1_siamang_locomotionvocal_KePoV1.pfsx.csv_1_2,img026.png,57.043118375877015,50.75660546350201
labeled-data,snip_gopro_orange_opp_18_June_session1_siamang_locomotionvocal_KePoV1.pfsx.csv_1_2,img038.png,59.312113748320655,50.189356620391095
labeled-data,snip_gopro_orange_opp_18_June_session1_siamang_locomotionvocal_KePoV1.pfsx.csv_1_2,img048.png,61.581109120764324,58.69808926705477
labeled-data,snip_gopro_orange_opp_18_June_session1_siamang_locomotionvocal_KePoV1.pfsx.csv_1_2,img055.png,68.38809523809527,67.20682191371844
labeled-data,snip_gopro_orange_opp_18_June_session1_siamang_locomotionvocal_KePoV1.pfsx.csv_1_2,img080.png,54.774123003433374,48.48761009105834
labeled-data,snip_gopro_orange_opp_18_June_session1_siamang_locomotionvocal_KePoV1.pfsx.csv_1_2,img087.png,45.69814151365878,44.51686818928198
labeled-data,snip_gopro_orange_opp_18_June_session1_siamang_locomotionvocal_KePoV1.pfsx.csv_1_2,img089.png,46.2653903567697,44.51686818928198
labeled-data,snip_gopro_orange_opp_18_June_session1_siamang_locomotionvocal_KePoV1.pfsx.csv_1_2,img098.png,41.16015076877147,45.651365875503785
labeled-data,snip_gopro_orange_opp_18_June_session1_siamang_locomotionvocal_KePoV1.pfsx.csv_1_2,img099.png,39.45840423943875,44.51686818928198
labeled-data,snip_gopro_orange_opp_18_June_session1_siamang_locomotionvocal_KePoV1.pfsx.csv_1_2,img100.png,40.592901925660584,44.51686818928198
labeled-data,snip_gopro_orange_opp_18_June_session1_siamang_locomotionvocal_KePoV1.pfsx.csv_1_2,img104.png,41.16015076877147,43.94961934617106
labeled-data,snip_gopro_orange_opp_18_June_session1_siamang_locomotionvocal_KePoV1.pfsx.csv_5_6,img003.png,80.22906901527594,62.0677464298154
labeled-data,snip_gopro_orange_opp_18_June_session1_siamang_locomotionvocal_KePoV1.pfsx.csv_5_6,img011.png,77.5172214758422,62.61011593770215
labeled-data,snip_gopro_orange_opp_18_June_session1_siamang_locomotionvocal_KePoV1.pfsx.csv_5_6,img014.png,76.97485196795543,62.61011593770215
labeled-data,snip_gopro_orange_opp_18_June_session1_siamang_locomotionvocal_KePoV1.pfsx.csv_5_6,img027.png,78.6019604916157,59.35589889038167
labeled-data,snip_gopro_orange_opp_18_June_session1_siamang_locomotionvocal_KePoV1.pfsx.csv_5_6,img035.png,78.6019604916157,59.35589889038167
labeled-data,snip_gopro_orange_opp_18_June_session1_siamang_locomotionvocal_KePoV1.pfsx.csv_5_6,img046.png,90.53408966512418,53.389834303627424
labeled-data,snip_gopro_orange_opp_18_June_session1_siamang_locomotionvocal_KePoV1.pfsx.csv_5_6,img048.png,90.53408966512418,54.47457331940092
labeled-data,snip_gopro_orange_opp_18_June_session1_siamang_locomotionvocal_KePoV1.pfsx.csv_5_6,img056.png,90.53408966512418,54.47457331940092
labeled-data,snip_gopro_orange_opp_18_June_session1_siamang_locomotionvocal_KePoV1.pfsx.csv_5_6,img062.png,86.73750310991693,51.762725779967155
labeled-data,snip_gopro_orange_opp_18_June_session1_siamang_locomotionvocal_KePoV1.pfsx.csv_5_6,img064.png,83.48328606259645,52.84746479574068
labeled-data,snip_gopro_orange_opp_18_June_session1_siamang_locomotionvocal_KePoV1.pfsx.csv_5_6,img078.png,65.58509230233372,54.47457331940092
labeled-data,snip_gopro_orange_opp_18_June_session1_siamang_locomotionvocal_KePoV1.pfsx.csv_5_6,img081.png,62.87324476289996,49.59324774842017
labeled-data,snip_gopro_orange_opp_18_June_session1_siamang_locomotionvocal_KePoV1.pfsx.csv_5_6,img084.png,58.534288699805956,51.22035627208041
labeled-data,snip_gopro_orange_opp_18_June_session1_siamang_locomotionvocal_KePoV1.pfsx.csv_5_6,img095.png,53.652963128825235,49.59324774842017
labeled-data,snip_gopro_orange_opp_18_June_session1_siamang_locomotionvocal_KePoV1.pfsx.csv_5_6,img113.png,54.19533263671198,53.93220381151417
labeled-data,snip_gopro_orange_opp_18_June_session1_siamang_locomotionvocal_KePoV1.pfsx.csv_9_10,img012.png,179.93810518982949,96.35963079066528
labeled-data,snip_gopro_orange_opp_18_June_session1_siamang_locomotionvocal_KePoV1.pfsx.csv_9_10,img014.png,180.5998955067922,95.69784047370254
labeled-data,snip_gopro_orange_opp_18_June_session1_siamang_locomotionvocal_KePoV1.pfsx.csv_9_10,img031.png,184.57063740856856,93.05067920585162
labeled-data,snip_gopro_orange_opp_18_June_session1_siamang_locomotionvocal_KePoV1.pfsx.csv_9_10,img036.png,183.90884709160585,89.74172762103797
labeled-data,snip_gopro_orange_opp_18_June_session1_siamang_locomotionvocal_KePoV1.pfsx.csv_9_10,img044.png,180.5998955067922,87.09456635318705
labeled-data,snip_gopro_orange_opp_18_June_session1_siamang_locomotionvocal_KePoV1.pfsx.csv_9_10,img049.png,176.62915360501577,90.4035179380007
labeled-data,snip_gopro_orange_opp_18_June_session1_siamang_locomotionvocal_KePoV1.pfsx.csv_9_10,img073.png,146.84858934169287,100.33037269244167
labeled-data,snip_gopro_orange_opp_18_June_session1_siamang_locomotionvocal_KePoV1.pfsx.csv_9_10,img083.png,130.96562173458736,110.91901776384535
labeled-data,snip_gopro_orange_opp_18_June_session1_siamang_locomotionvocal_KePoV1.pfsx.csv_9_10,img086.png,126.33308951584823,111.58080808080808
labeled-data,snip_gopro_orange_opp_18_June_session1_siamang_locomotionvocal_KePoV1.pfsx.csv_9_10,img094.png,106.4793800069663,116.21334029954721
labeled-data,snip_gopro_orange_opp_18_June_session1_siamang_locomotionvocal_KePoV1.pfsx.csv_9_10,img106.png,85.96388018112162,117.53692093347266
labeled-data,snip_gopro_orange_opp_18_June_session1_siamang_locomotionvocal_KePoV1.pfsx.csv_9_10,img120.png,58.83047718564964,110.25722744688261
labeled-data,snip_gopro_orange_opp_18_June_session1_siamang_locomotionvocal_KePoV1.pfsx.csv_9_10,img122.png,58.83047718564964,110.25722744688261
labeled-data,snip_gopro_orange_opp_18_June_session1_siamang_locomotionvocal_KePoV1.pfsx.csv_9_10,img127.png,56.84510623476146,110.25722744688261
labeled-data,snip_gopro_orange_opp_18_June_session1_siamang_locomotionvocal_KePoV1.pfsx.csv_9_10,img133.png,54.19794496691054,106.94827586206895
labeled-data,snip_gopro_orange_opp_18_june_session1_sample_1_13_lift_scream,img009.png,101.36346527723771,75.83159654716542
labeled-data,snip_gopro_orange_opp_18_june_session1_sample_1_13_lift_scream,img019.png,100.63245975581304,76.92810482930247
labeled-data,snip_gopro_orange_opp_18_june_session1_sample_1_13_lift_scream,img032.png,97.34293490940198,78.02461311143949
labeled-data,snip_gopro_orange_opp_18_june_session1_sample_1_13_lift_scream,img039.png,98.439443191539,78.02461311143949
labeled-data,snip_gopro_orange_opp_18_june_session1_sample_1_13_lift_scream,img045.png,102.0944707986624,77.65911035072713
labeled-data,snip_gopro_orange_opp_18_june_session1_sample_1_13_lift_scream,img062.png,114.52156466288201,56.825452990123665
labeled-data,snip_gopro_orange_opp_18_june_session1_sample_1_13_lift_scream,img077.png,100.26695699510071,54.26693366513729
labeled-data,snip_gopro_orange_opp_18_june_session1_sample_1_13_lift_scream,img086.png,98.80494595225133,47.68788397231515
labeled-data,snip_gopro_orange_opp_18_june_session1_sample_1_13_lift_scream,img092.png,98.80494595225133,45.12936464732874
labeled-data,snip_gopro_orange_opp_18_june_session1_sample_1_13_lift_scream,img099.png,103.92198460222411,38.915817715218935
labeled-data,snip_gopro_orange_opp_18_june_session1_sample_1_13_lift_scream,img108.png,111.59754257718328,38.550314954506604
labeled-data,snip_gopro_orange_opp_18_june_session1_sample_1_13_lift_scream,img112.png,113.79055914145732,36.35729839023256
labeled-data,snip_gopro_orange_opp_18_june_session1_sample_1_13_lift_scream,img122.png,114.88706742359437,36.35729839023256
labeled-data,snip_gopro_orange_opp_18_june_session1_sample_1_13_lift_scream,img134.png,115.9835757057314,41.10883427949298
labeled-data,snip_gopro_orange_opp_18_june_session1_sample_1_13_lift_scream,img142.png,113.79055914145732,41.10883427949298
labeled-data,snip_gopro_orange_opp_18_june_session1_sample_1_7_rope_swing_scream,img016.png,141.67733494050856,130.63865774943616
labeled-data,snip_gopro_orange_opp_18_june_session1_sample_1_7_rope_swing_scream,img032.png,145.13016953106768,136.24951395909477
labeled-data,snip_gopro_orange_opp_18_june_session1_sample_1_7_rope_swing_scream,img036.png,143.835356559608,137.54432693055446
labeled-data,snip_gopro_orange_opp_18_june_session1_sample_1_7_rope_swing_scream,img057.png,143.835356559608,128.9122404541566
labeled-data,snip_gopro_orange_opp_18_june_session1_sample_1_7_rope_swing_scream,img066.png,142.10893926432846,124.16459289213779
labeled-data,snip_gopro_orange_opp_18_june_session1_sample_1_7_rope_swing_scream,img074.png,140.81412629286876,135.38630531145498
labeled-data,snip_gopro_orange_opp_18_june_session1_sample_1_7_rope_swing_scream,img086.png,123.54995334007306,157.3981258262695
labeled-data,snip_gopro_orange_opp_18_june_session1_sample_1_7_rope_swing_scream,img089.png,117.93909713041445,161.71416906446845
labeled-data,snip_gopro_orange_opp_18_june_session1_sample_1_7_rope_swing_scream,img098.png,99.81171552997894,172.50427715996577
labeled-data,snip_gopro_orange_opp_18_june_session1_sample_1_7_rope_swing_scream,img103.png,87.29519013920206,177.68352904580448
labeled-data,snip_gopro_orange_opp_18_june_session1_sample_1_7_rope_swing_scream,img109.png,74.34706042460529,176.3887160743448
labeled-data,snip_gopro_orange_opp_18_june_session1_sample_1_7_rope_swing_scream,img117.png,61.398930710008514,174.66229877906522
labeled-data,snip_gopro_orange_opp_18_june_session1_sample_1_7_rope_swing_scream,img119.png,57.51449179562947,173.79909013142543
labeled-data,snip_gopro_orange_opp_18_june_session1_sample_1_7_rope_swing_scream,img127.png,51.47203126215096,169.9146512170464
labeled-data,snip_gopro_orange_opp_18_june_session1_sample_1_7_rope_swing_scream,img135.png,47.15598802395205,170.3462555408663
labeled-data,snip_gopro_orange_opp_18_june_session1_sample_1_8_rope_swing_scream,img009.png,134.414706175051,130.61011593770212
labeled-data,snip_gopro_orange_opp_18_june_session1_sample_1_8_rope_swing_scream,img012.png,135.0181157166187,133.16047126526166
labeled-data,snip_gopro_orange_opp_18_june_session1_sample_1_8_rope_swing_scream,img014.png,137.25095039060554,131.08282330696125
labeled-data,snip_gopro_orange_opp_18_june_session1_sample_1_8_rope_swing_scream,img017.png,135.75689789252664,133.16047126526166
labeled-data,snip_gopro_orange_opp_18_june_session1_sample_1_8_rope_swing_scream,img025.png,139.82019986002024,132.05229800139978
labeled-data,snip_gopro_orange_opp_18_june_session1_sample_1_8_rope_swing_scream,img036.png,140.92837312388212,129.835951473676
labeled-data,snip_gopro_orange_opp_18_june_session1_sample_1_8_rope_swing_scream,img040.png,142.92343882171465,130.61011593770212
labeled-data,snip_gopro_orange_opp_18_june_session1_sample_1_8_rope_swing_scream,img041.png,142.92343882171465,130.61011593770212
labeled-data,snip_gopro_orange_opp_18_june_session1_sample_1_8_rope_swing_scream,img042.png,141.29776421183607,132.05229800139978
labeled-data,snip_gopro_orange_opp_18_june_session1_sample_1_8_rope_swing_scream,img044.png,142.92343882171465,130.61011593770212
labeled-data,snip_gopro_orange_opp_18_june_session1_sample_1_8_rope_swing_scream,img049.png,139.614487236901,122.10138329103846
labeled-data,snip_gopro_orange_opp_18_june_session1_sample_1_8_rope_swing_scream,img057.png,135.75689789252664,109.15005054825414
labeled-data,snip_gopro_orange_opp_18_june_session1_sample_1_8_rope_swing_scream,img060.png,138.6690724983828,104.13850325919292
labeled-data,snip_gopro_orange_opp_18_june_session1_sample_1_8_rope_swing_scream,img062.png,136.49568006843452,103.97857531689867
labeled-data,snip_gopro_orange_opp_18_june_session1_sample_1_8_rope_swing_scream,img074.png,135.38750680457264,109.15005054825414
labeled-data,snip_gopro_orange_opp_18_june_session1_sample_1_8_rope_swing_scream,img075.png,136.30553565208734,112.17452853659749
labeled-data,snip_gopro_orange_opp_18_june_session1_sample_1_8_rope_swing_scream,img084.png,123.56699199004589,126.51143168209036
labeled-data,snip_gopro_orange_opp_18_june_session1_sample_1_8_rope_swing_scream,img088.png,120.23348509727819,128.24657909140666
labeled-data,snip_gopro_orange_opp_18_june_session1_sample_1_8_rope_swing_scream,img090.png,114.3322147911968,132.42168908935378
labeled-data,snip_gopro_orange_opp_18_june_session1_sample_1_8_rope_swing_scream,img091.png,113.96282370324283,130.9441247375379
labeled-data,snip_gopro_orange_opp_18_june_session1_sample_1_8_rope_swing_scream,img092.png,111.25204508135542,131.08282330696125
labeled-data,snip_gopro_orange_opp_18_june_session1_sample_1_8_rope_swing_scream,img096.png,101.79789769617355,132.02823804547944
labeled-data,snip_gopro_orange_opp_18_june_session1_sample_1_8_rope_swing_scream,img099.png,94.38509604168283,127.98899603390622
labeled-data,snip_gopro_orange_opp_18_june_session1_sample_1_8_rope_swing_scream,img107.png,81.82579905124811,114.69091686756357
labeled-data,snip_gopro_orange_opp_18_june_session1_sample_1_8_rope_swing_scream,img115.png,73.329804028307,103.23979314099074
labeled-data,snip_gopro_orange_opp_18_june_session1_sample_1_8_rope_swing_scream,img117.png,76.2716997561825,101.77496641289744
labeled-data,snip_gopro_orange_opp_18_june_session1_sample_1_8_rope_swing_scream,img119.png,75.3262850176643,99.41142956660198
labeled-data,snip_gopro_orange_opp_18_june_session1_sample_1_8_rope_swing_scream,img124.png,77.76249708375454,100.28466443735904
labeled-data,snip_gopro_orange_opp_9_June_session1_1_2,img00.png,234.16569139672595,149.65494849977605
labeled-data,snip_gopro_orange_opp_9_June_session1_1_2,img01.png,227.9956162611336,149.65494849977605
labeled-data,snip_gopro_orange_opp_9_June_session1_1_2,img08.png,222.44254863910044,130.5277155794397
labeled-data,snip_gopro_orange_opp_9_June_session1_1_2,img09.png,226.76160123401507,131.76173060655816
labeled-data,snip_gopro_orange_opp_9_June_session1_1_2,img12.png,227.37860874757433,136.69779071503206
labeled-data,snip_gopro_orange_opp_9_June_session1_1_2,img18.png,229.22963128825205,152.73998606757226
labeled-data,snip_gopro_orange_opp_9_June_session1_1_2,img28.png,192.20918047469775,150.2719560133353
labeled-data,snip_gopro_orange_opp_9_June_session1_1_2,img32.png,181.72005274419075,147.1869184455391
labeled-data,snip_gopro_orange_opp_9_June_session1_1_2,img35.png,178.63501517639452,141.01684330994672
labeled-data,snip_gopro_orange_opp_9_June_session1_1_2,img39.png,182.33706025774995,129.91070806588044
labeled-data,snip_gopro_orange_opp_9_June_session1_1_2,img40.png,179.86903020351303,130.5277155794397
labeled-data,snip_gopro_orange_opp_9_June_session1_1_2,img45.png,184.80509031198693,129.91070806588044
labeled-data,snip_gopro_orange_opp_9_June_session1_1_2,img53.png,195.91122555605318,132.3787381201174
labeled-data,snip_gopro_orange_opp_9_June_session1_1_2,img57.png,200.84728566452708,131.14472309299893
labeled-data,snip_gopro_orange_opp_9_June_session1_1_2,img60.png,202.6983082052048,126.20866298452503
